start_time_sec,end_time_sec,duration_sec,pitch_midi,note_name
7.24,7.48,0.24,65,F4
7.75,8.0,0.25,65,F4
8.74,8.93,0.19,62,D4
8.94,9.07,0.13,60,C4
10.35,10.47,0.12,62,D4
10.81,10.96,0.15,62,D4
12.44,12.64,0.2,60,C4
12.68,12.89,0.21,62,D4
12.93,13.07,0.14,60,C4
14.23,14.42,0.19,62,D4
14.66,14.91,0.25,62,D4
15.13,15.27,0.14,62,D4
15.46,15.64,0.18,60,C4
17.7,17.87,0.17,65,F4
18.43,18.6,0.17,60,C4
18.61,18.85,0.24,62,D4
19.2,19.42,0.22,65,F4
19.7,19.9,0.2,65,F4
20.14,20.28,0.14,62,D4
21.16,21.36,0.2,65,F4
21.67,21.83,0.16,65,F4
22.08,22.28,0.2,62,D4
22.45,22.59,0.14,62,D4
23.19,23.46,0.27,65,F4
23.68,23.91,0.23,65,F4
24.06,24.26,0.2,64,E4
24.29,24.56,0.27,64,E4
27.79,27.93,0.14,62,D4
31.24,31.44,0.2,60,C4
31.98,32.24,0.26,64,E4
32.36,32.86,0.5,64,E4
34.04,34.16,0.12,65,F4
34.16,34.38,0.22,64,E4
34.48,34.82,0.34,64,E4
36.29,36.42,0.13,62,D4
37.0,37.15,0.15,65,F4
37.15,37.33,0.18,64,E4
37.5,37.68,0.18,65,F4
37.7,37.83,0.13,64,E4
38.99,39.27,0.28,65,F4
39.47,39.7,0.23,65,F4
40.04,40.2,0.16,62,D4
41.45,41.65,0.2,62,D4
42.19,42.32,0.13,60,C4
42.97,43.12,0.15,62,D4
43.14,43.33,0.19,60,C4
43.44,43.81,0.37,62,D4
43.96,44.18,0.22,62,D4
44.18,44.32,0.14,60,C4
44.97,45.18,0.21,62,D4
45.43,45.64,0.21,62,D4
45.88,46.09,0.21,62,D4
46.2,46.34,0.14,60,C4
46.94,47.17,0.23,65,F4
47.46,47.64,0.18,65,F4
47.91,48.18,0.27,62,D4
48.39,48.52,0.13,62,D4
48.94,49.06,0.12,62,D4
49.4,49.61,0.21,62,D4
49.86,49.98,0.12,62,D4
49.99,50.15,0.16,62,D4
50.91,51.05,0.14,62,D4
51.08,51.32,0.24,60,C4
51.38,51.6,0.22,62,D4
51.94,52.06,0.12,62,D4
52.36,52.56,0.2,62,D4
52.9,53.04,0.14,62,D4
53.36,53.55,0.19,62,D4
54.06,54.28,0.22,60,C4
54.9,55.13,0.23,65,F4
55.37,55.61,0.24,65,F4
55.95,56.1,0.15,62,D4
57.78,58.02,0.24,62,D4
58.06,58.26,0.2,60,C4
58.85,59.05,0.2,65,F4
59.33,59.58,0.25,65,F4
59.76,60.03,0.27,62,D4
60.39,60.52,0.13,62,D4
62.28,62.44,0.16,62,D4
62.86,63.04,0.18,65,F4
63.24,63.44,0.2,65,F4
63.44,63.67,0.23,64,E4
63.8,63.98,0.18,62,D4
65.71,65.84,0.13,62,D4
66.01,66.17,0.16,60,C4
66.77,66.94,0.17,62,D4
67.25,67.47,0.22,62,D4
67.69,67.98,0.29,62,D4
67.98,68.12,0.14,60,C4
68.76,68.9,0.14,62,D4
69.66,69.79,0.13,64,E4
69.95,70.13,0.18,60,C4
70.83,70.96,0.13,65,F4
70.96,71.1,0.14,64,E4
71.28,71.47,0.19,65,F4
72.19,72.41,0.22,53,F3
73.16,73.37,0.21,53,F3
73.42,73.55,0.13,53,F3
74.39,74.53,0.14,52,E3
75.94,76.13,0.19,53,F3
76.15,76.38,0.23,53,F3
77.92,78.04,0.12,53,F3
78.68,78.81,0.13,52,E3
80.62,80.78,0.16,55,G3
81.11,81.29,0.18,55,G3
82.6,82.81,0.21,55,G3
83.12,83.27,0.15,55,G3
84.34,84.56,0.22,53,F3
84.67,84.82,0.15,55,G3
85.07,85.29,0.22,55,G3
85.57,85.82,0.25,62,D4
86.18,86.32,0.14,62,D4
86.62,86.93,0.31,65,F4
87.12,87.39,0.27,53,F3
88.32,88.48,0.16,53,F3
89.58,89.76,0.18,62,D4
91.58,91.72,0.14,62,D4
92.3,92.67,0.37,53,F3
92.71,92.91,0.2,53,F3
95.97,96.1,0.13,57,A3
96.16,96.34,0.18,57,A3
96.54,96.8,0.26,57,A3
97.09,97.21,0.12,58,A#3
97.21,97.38,0.17,57,A3
97.97,98.09,0.12,58,A#3
98.09,98.21,0.12,57,A3
98.4,98.54,0.14,57,A3
98.58,98.7,0.12,57,A3
98.71,98.9,0.19,55,G3
99.28,99.45,0.17,57,A3
99.46,99.61,0.15,55,G3
99.9,100.2,0.3,57,A3
100.4,100.54,0.14,55,G3
100.57,100.7,0.13,55,G3
101.07,101.2,0.13,60,C4
101.56,101.68,0.12,65,F4
101.92,102.15,0.23,65,F4
102.48,102.73,0.25,65,F4
102.99,103.22,0.23,65,F4
103.22,103.34,0.12,64,E4
103.51,103.66,0.15,62,D4
104.46,104.61,0.15,62,D4
106.46,106.59,0.13,62,D4
106.6,106.8,0.2,60,C4
106.91,107.21,0.3,62,D4
107.46,107.63,0.17,62,D4
108.9,109.11,0.21,62,D4
109.4,109.59,0.19,62,D4
110.44,110.59,0.15,65,F4
110.94,111.13,0.19,65,F4
111.38,111.61,0.23,62,D4
111.63,111.77,0.14,60,C4
111.84,111.98,0.14,62,D4
112.42,112.55,0.13,62,D4
112.87,112.99,0.12,62,D4
113.35,113.59,0.24,62,D4
113.61,113.74,0.13,60,C4
114.09,114.21,0.12,60,C4
114.37,114.56,0.19,62,D4
114.84,115.26,0.42,62,D4
115.42,115.55,0.13,62,D4
116.36,116.51,0.15,62,D4
116.84,117.03,0.19,62,D4
117.55,117.7,0.15,60,C4
117.91,118.05,0.14,62,D4
118.4,118.53,0.13,65,F4
118.63,118.8,0.17,62,D4
118.84,119.04,0.2,65,F4
119.04,119.17,0.13,64,E4
120.87,121.03,0.16,64,E4
123.04,123.25,0.21,67,G4
124.44,124.65,0.21,67,G4
124.66,124.81,0.15,67,G4
125.31,125.44,0.13,69,A4
126.75,127.06,0.31,65,F4
127.24,127.46,0.22,62,D4
127.97,128.09,0.12,60,C4
128.28,128.43,0.15,62,D4
128.73,128.95,0.22,62,D4
129.68,129.81,0.13,62,D4
130.24,130.4,0.16,62,D4
130.41,130.62,0.21,60,C4
130.71,130.95,0.24,62,D4
130.97,131.12,0.15,62,D4
131.14,131.28,0.14,62,D4
132.71,132.91,0.2,62,D4
133.15,133.39,0.24,62,D4
133.46,133.61,0.15,60,C4
133.79,133.93,0.14,62,D4
134.23,134.42,0.19,65,F4
134.73,134.98,0.25,65,F4
135.22,135.42,0.2,62,D4
136.67,136.9,0.23,62,D4
138.21,138.33,0.12,62,D4
138.64,138.88,0.24,62,D4
139.17,139.35,0.18,62,D4
139.66,139.8,0.14,62,D4
140.18,140.3,0.12,62,D4
141.39,141.55,0.16,60,C4
141.72,141.84,0.12,62,D4
141.86,141.99,0.13,60,C4
142.17,142.42,0.25,65,F4
142.42,142.56,0.14,64,E4
142.69,142.89,0.2,65,F4
143.09,143.36,0.27,62,D4
143.69,143.82,0.13,62,D4
143.85,143.97,0.12,60,C4
145.35,145.56,0.21,60,C4
145.57,145.78,0.21,62,D4
146.1,146.36,0.26,65,F4
146.62,146.86,0.24,65,F4
147.06,147.29,0.23,62,D4
148.05,148.29,0.24,62,D4
148.66,148.81,0.15,62,D4
150.12,150.32,0.2,65,F4
150.61,150.82,0.21,65,F4
152.08,152.21,0.13,62,D4
154.07,154.2,0.13,62,D4
154.53,154.81,0.28,62,D4
154.96,155.24,0.28,62,D4
155.43,155.58,0.15,62,D4
156.04,156.19,0.15,62,D4
156.51,156.72,0.21,62,D4
157.21,157.44,0.23,60,C4
157.6,157.72,0.12,62,D4
158.1,158.24,0.14,65,F4
158.24,158.38,0.14,64,E4
158.54,158.68,0.14,65,F4
159.43,159.84,0.41,65,F4
159.96,160.85,0.89,65,F4
160.97,161.16,0.19,65,F4
161.41,161.56,0.15,65,F4
161.6,161.82,0.22,65,F4
