start_time_sec,end_time_sec,duration_sec,pitch_midi,note_name
1.17,1.97,0.8,60,C4
2.01,2.11,0.1,67,G4
2.51,2.73,0.22,59,B3
2.73,2.94,0.21,62,D4
3.22,3.29,0.07,59,B3
4.73,4.89,0.16,66,F#4
6.58,6.71,0.13,52,E3
6.71,6.89,0.18,67,G4
7.7,7.98,0.28,67,G4
8.4,8.54,0.14,71,B4
8.63,9.17,0.54,60,C4
11.41,11.48,0.07,79,G5
12.23,12.34,0.11,71,B4
12.73,13.43,0.7,71,B4
13.58,14.73,1.15,71,B4
14.73,15.33,0.6,71,B4
16.26,16.38,0.12,76,E5
16.5,16.59,0.09,57,A3
16.62,16.88,0.26,59,B3
16.88,17.16,0.28,59,B3
17.17,17.24,0.07,56,G#3
17.47,17.61,0.14,57,A3
17.63,17.84,0.21,59,B3
17.84,18.11,0.27,59,B3
18.11,18.24,0.13,57,A3
18.58,18.76,0.18,62,D4
19.39,19.7,0.31,55,G3
19.75,20.12,0.37,57,A3
20.52,20.73,0.21,62,D4
21.38,21.77,0.39,54,F#3
21.77,22.05,0.28,54,F#3
22.05,22.22,0.17,52,E3
22.7,22.94,0.24,66,F#4
23.04,23.36,0.32,64,E4
23.43,23.81,0.38,71,B4
23.93,24.18,0.25,67,G4
24.18,24.29,0.11,55,G3
24.29,24.47,0.18,57,A3
24.47,24.95,0.48,59,B3
24.95,25.08,0.13,57,A3
25.13,25.27,0.14,55,G3
25.28,25.43,0.15,57,A3
25.43,25.94,0.51,59,B3
26.38,26.63,0.25,62,D4
27.22,27.53,0.31,55,G3
27.53,27.63,0.1,57,A3
27.63,27.81,0.18,57,A3
28.3,28.37,0.07,78,F#5
28.37,28.51,0.14,64,E4
28.51,29.14,0.63,66,F#4
29.14,29.21,0.07,66,F#4
29.21,29.88,0.67,64,E4
29.88,30.0,0.12,64,E4
30.01,30.27,0.26,66,F#4
30.34,30.43,0.09,64,E4
30.48,30.69,0.21,78,F#5
30.7,30.79,0.09,57,A3
30.79,30.97,0.18,64,E4
30.99,31.26,0.27,62,D4
31.3,31.54,0.24,69,A4
31.78,32.54,0.76,69,A4
32.54,32.61,0.07,71,B4
32.76,33.11,0.35,62,D4
33.25,33.71,0.46,69,A4
33.71,33.99,0.28,69,A4
34.2,34.52,0.32,69,A4
34.52,34.6,0.08,71,B4
34.71,34.82,0.11,69,A4
34.92,35.12,0.2,67,G4
35.36,35.46,0.1,67,G4
35.49,35.72,0.23,69,A4
35.72,36.0,0.28,69,A4
36.0,36.65,0.65,69,A4
36.65,36.99,0.34,69,A4
36.99,37.58,0.59,69,A4
37.64,37.92,0.28,71,B4
38.38,38.49,0.11,79,G5
38.62,38.91,0.29,62,D4
39.09,39.27,0.18,69,A4
39.58,39.78,0.2,69,A4
40.1,40.34,0.24,69,A4
40.56,40.86,0.3,62,D4
41.07,41.18,0.11,69,A4
41.55,42.19,0.64,69,A4
42.23,42.51,0.28,71,B4
42.69,42.88,0.19,62,D4
43.2,43.53,0.33,69,A4
43.53,44.36,0.83,69,A4
44.47,45.21,0.74,67,G4
45.21,45.38,0.17,66,F#4
45.43,45.57,0.14,64,E4
45.78,45.88,0.1,62,D4
45.88,46.4,0.52,64,E4
46.56,47.53,0.97,64,E4
47.56,47.89,0.33,67,G4
48.05,48.84,0.79,71,B4
48.89,49.04,0.15,62,D4
49.04,49.5,0.46,62,D4
49.54,49.61,0.07,79,G5
49.61,49.83,0.22,67,G4
50.0,50.13,0.13,74,D5
50.13,50.29,0.16,76,E5
50.29,50.78,0.49,74,D5
50.85,51.42,0.57,66,F#4
51.46,51.87,0.41,69,A4
51.94,52.08,0.14,72,C5
52.08,52.26,0.18,74,D5
52.26,53.94,1.68,72,C5
54.33,54.69,0.36,66,F#4
54.69,55.38,0.69,64,E4
55.38,55.71,0.33,67,G4
55.87,55.96,0.09,71,B4
55.96,56.19,0.23,72,C5
56.19,56.69,0.5,71,B4
56.86,57.24,0.38,62,D4
57.31,57.4,0.09,79,G5
57.4,57.74,0.34,67,G4
57.81,58.68,0.87,74,D5
58.68,58.78,0.1,66,F#4
58.78,58.91,0.13,66,F#4
58.91,59.22,0.31,66,F#4
59.26,59.6,0.34,69,A4
59.6,59.74,0.14,69,A4
59.75,60.97,1.22,74,D5
60.97,61.33,0.36,74,D5
61.33,61.69,0.36,74,D5
61.72,61.85,0.13,69,A4
61.85,62.07,0.22,71,B4
62.07,62.41,0.34,71,B4
62.49,62.75,0.26,76,E5
62.75,63.34,0.59,76,E5
63.34,63.64,0.3,76,E5
63.64,63.9,0.26,76,E5
63.92,64.4,0.48,71,B4
64.44,64.64,0.2,74,D5
64.64,64.81,0.17,74,D5
64.81,66.21,1.4,74,D5
66.24,66.65,0.41,72,C5
66.65,66.82,0.17,72,C5
66.82,66.9,0.08,72,C5
66.9,67.08,0.18,71,B4
67.57,67.67,0.1,72,C5
67.67,68.18,0.51,74,D5
68.18,68.5,0.32,72,C5
68.5,68.68,0.18,72,C5
68.68,68.82,0.14,72,C5
68.82,69.05,0.23,71,B4
69.66,69.88,0.22,69,A4
69.89,70.1,0.21,83,B5
70.17,70.44,0.27,67,G4
70.48,70.6,0.12,74,D5
70.6,71.34,0.74,76,E5
71.46,71.52,0.06,78,F#5
71.52,71.68,0.16,79,G5
71.68,71.97,0.29,78,F#5
71.98,72.05,0.07,76,E5
72.05,72.52,0.47,74,D5
72.52,72.88,0.36,74,D5
73.41,73.48,0.07,72,C5
73.48,74.01,0.53,74,D5
74.04,74.47,0.43,72,C5
74.47,74.69,0.22,72,C5
74.69,74.89,0.2,71,B4
75.37,75.49,0.12,72,C5
75.49,75.99,0.5,74,D5
75.99,76.31,0.32,72,C5
76.31,76.49,0.18,72,C5
76.49,76.56,0.07,72,C5
76.56,76.81,0.25,71,B4
77.36,77.44,0.08,67,G4
77.48,77.71,0.23,81,A5
77.76,77.96,0.2,71,B4
78.0,78.25,0.25,79,G5
78.28,78.36,0.08,83,B5
78.36,78.63,0.27,64,E4
78.78,79.15,0.37,67,G4
79.24,79.31,0.07,74,D5
79.32,79.4,0.08,71,B4
79.4,79.74,0.34,72,C5
79.74,80.2,0.46,71,B4
80.23,80.49,0.26,62,D4
80.49,80.71,0.22,62,D4
80.75,81.04,0.29,66,F#4
81.23,81.33,0.1,74,D5
81.36,81.49,0.13,76,E5
81.51,81.69,0.18,74,D5
81.69,81.93,0.24,74,D5
81.94,82.03,0.09,84,C6
82.03,82.2,0.17,67,G4
82.2,82.5,0.3,67,G4
82.54,82.67,0.13,83,B5
82.67,83.05,0.38,71,B4
83.17,83.27,0.1,79,G5
83.27,83.33,0.06,72,C5
83.33,83.46,0.13,81,A5
83.48,84.05,0.57,78,F#5
84.05,84.57,0.52,79,G5
84.63,84.77,0.14,76,E5
85.39,85.66,0.27,78,F#5
85.66,85.86,0.2,78,F#5
85.91,86.11,0.2,64,E4
86.11,86.53,0.42,64,E4
86.61,86.94,0.33,67,G4
87.06,87.53,0.47,71,B4
87.53,87.8,0.27,71,B4
87.87,88.04,0.17,62,D4
88.05,88.44,0.39,62,D4
88.57,88.95,0.38,66,F#4
89.02,89.51,0.49,74,D5
89.51,89.62,0.11,74,D5
89.62,89.73,0.11,74,D5
89.79,90.43,0.64,67,G4
90.5,90.88,0.38,71,B4
90.99,91.09,0.1,79,G5
91.09,91.28,0.19,81,A5
91.29,91.43,0.14,78,F#5
91.43,91.77,0.34,78,F#5
91.77,91.96,0.19,78,F#5
91.96,92.81,0.85,79,G5
92.81,92.93,0.12,76,E5
92.93,93.18,0.25,79,G5
93.18,93.51,0.33,79,G5
93.51,93.9,0.39,67,G4
93.9,94.43,0.53,79,G5
95.38,95.79,0.41,55,G3
95.94,96.16,0.22,67,G4
96.16,96.27,0.11,81,A5
96.27,96.34,0.07,69,A4
96.38,96.65,0.27,67,G4
96.65,97.03,0.38,67,G4
97.17,97.3,0.13,64,E4
97.3,97.82,0.52,66,F#4
97.94,98.11,0.17,64,E4
98.11,98.25,0.14,66,F#4
98.25,98.76,0.51,66,F#4
98.76,98.84,0.08,64,E4
98.84,98.97,0.13,62,D4
99.39,99.88,0.49,59,B3
99.99,100.12,0.13,62,D4
100.12,100.3,0.18,64,E4
100.8,100.92,0.12,62,D4
101.12,101.88,0.76,59,B3
102.08,102.28,0.2,59,B3
102.28,102.43,0.15,57,A3
103.4,103.78,0.38,55,G3
103.95,104.15,0.2,67,G4
104.15,104.34,0.19,69,A4
104.35,104.95,0.6,67,G4
105.04,105.15,0.11,64,E4
105.16,106.17,1.01,66,F#4
106.17,106.32,0.15,66,F#4
106.53,106.66,0.13,64,E4
106.66,106.75,0.09,62,D4
107.26,107.69,0.43,59,B3
107.71,107.82,0.11,62,D4
107.82,108.24,0.42,64,E4
108.24,108.37,0.13,62,D4
109.09,109.26,0.17,62,D4
109.26,109.92,0.66,59,B3
110.23,110.41,0.18,59,B3
110.41,110.53,0.12,58,A#3
111.89,112.03,0.14,52,E3
112.03,112.48,0.45,52,E3
112.5,112.82,0.32,55,G3
112.82,112.91,0.09,60,C4
113.06,113.13,0.07,59,B3
113.13,113.78,0.65,59,B3
113.89,114.44,0.55,50,D3
114.48,114.81,0.33,54,F#3
115.0,115.09,0.09,62,D4
115.1,115.25,0.15,64,E4
115.25,115.47,0.22,62,D4
115.47,115.73,0.26,62,D4
115.73,116.39,0.66,59,B3
116.46,116.82,0.36,62,D4
116.98,117.08,0.1,67,G4
117.09,117.23,0.14,69,A4
117.24,117.58,0.34,66,F#4
117.72,118.15,0.43,67,G4
118.15,118.22,0.07,66,F#4
118.22,118.36,0.14,64,E4
119.51,119.8,0.29,66,F#4
119.81,120.45,0.64,64,E4
120.47,120.84,0.37,67,G4
121.01,121.16,0.15,71,B4
121.16,121.34,0.18,72,C5
121.47,121.79,0.32,71,B4
121.98,122.35,0.37,62,D4
122.48,122.59,0.11,66,F#4
122.59,122.73,0.14,66,F#4
122.99,123.1,0.11,74,D5
123.1,123.22,0.12,76,E5
123.22,123.46,0.24,74,D5
123.46,123.69,0.23,74,D5
123.71,123.95,0.24,71,B4
123.95,124.71,0.76,71,B4
124.71,125.1,0.39,71,B4
125.1,125.32,0.22,71,B4
125.32,125.58,0.26,72,C5
125.58,127.09,1.51,74,D5
127.11,127.63,0.52,79,G5
127.63,127.85,0.22,78,F#5
127.85,128.49,0.64,76,E5
128.64,129.13,0.49,76,E5
129.13,129.38,0.25,76,E5
129.42,129.64,0.22,71,B4
129.64,129.91,0.27,71,B4
129.93,130.13,0.2,74,D5
130.13,130.35,0.22,74,D5
130.35,131.71,1.36,74,D5
131.73,132.14,0.41,72,C5
132.14,132.39,0.25,72,C5
132.39,132.58,0.19,71,B4
133.07,133.16,0.09,72,C5
133.16,133.67,0.51,74,D5
133.67,133.81,0.14,72,C5
133.81,133.98,0.17,72,C5
133.98,134.1,0.12,72,C5
134.1,134.17,0.07,72,C5
134.17,134.54,0.37,71,B4
135.01,135.09,0.08,79,G5
135.1,135.37,0.27,69,A4
135.39,135.6,0.21,83,B5
135.65,135.84,0.19,91,G6
135.84,135.94,0.1,67,G4
135.97,136.09,0.12,74,D5
136.09,136.86,0.77,76,E5
136.95,137.03,0.08,78,F#5
137.03,137.18,0.15,79,G5
137.18,137.47,0.29,78,F#5
137.48,137.54,0.06,76,E5
137.54,138.2,0.66,74,D5
138.2,138.38,0.18,74,D5
138.98,139.5,0.52,74,D5
139.54,139.71,0.17,72,C5
139.71,140.01,0.3,72,C5
140.01,140.18,0.17,71,B4
140.18,140.38,0.2,71,B4
140.86,140.98,0.12,71,B4
140.98,141.16,0.18,74,D5
141.16,141.48,0.32,74,D5
141.48,141.62,0.14,72,C5
141.62,141.92,0.3,72,C5
141.92,142.13,0.21,72,C5
142.13,142.3,0.17,71,B4
142.85,142.94,0.09,79,G5
142.96,143.23,0.27,69,A4
143.24,143.46,0.22,71,B4
143.49,143.74,0.25,67,G4
143.78,144.04,0.26,64,E4
144.04,144.23,0.19,64,E4
144.25,144.65,0.4,67,G4
144.79,144.89,0.1,84,C6
144.89,144.98,0.09,84,C6
145.06,145.65,0.59,71,B4
145.65,146.17,0.52,62,D4
146.23,146.55,0.32,66,F#4
146.72,146.82,0.1,74,D5
146.86,146.99,0.13,76,E5
147.01,147.11,0.1,86,D6
147.11,147.41,0.3,74,D5
147.43,147.56,0.13,84,C6
147.56,147.99,0.43,67,G4
147.99,148.16,0.17,67,G4
148.17,148.38,0.21,74,D5
148.38,148.52,0.14,71,B4
148.52,148.76,0.24,79,G5
148.77,148.96,0.19,81,A5
148.97,149.05,0.08,78,F#5
149.05,149.47,0.42,78,F#5
149.47,150.07,0.6,79,G5
150.1,150.27,0.17,76,E5
150.33,150.42,0.09,67,G4
150.48,150.86,0.38,79,G5
151.07,151.24,0.17,78,F#5
151.24,151.38,0.14,78,F#5
151.4,151.98,0.58,64,E4
152.05,152.2,0.15,67,G4
152.2,152.69,0.49,67,G4
152.69,152.85,0.16,72,C5
152.85,153.03,0.18,71,B4
153.03,153.29,0.26,71,B4
153.35,153.61,0.26,62,D4
153.61,154.04,0.43,62,D4
154.04,154.36,0.32,66,F#4
154.36,154.45,0.09,66,F#4
154.52,154.64,0.12,74,D5
154.67,154.79,0.12,64,E4
154.79,155.0,0.21,74,D5
155.0,155.23,0.23,74,D5
155.29,155.49,0.2,67,G4
155.49,155.87,0.38,67,G4
155.87,155.94,0.07,67,G4
155.94,156.37,0.43,71,B4
156.47,156.58,0.11,79,G5
156.58,156.72,0.14,81,A5
156.73,156.83,0.1,78,F#5
156.83,157.23,0.4,78,F#5
157.27,157.92,0.65,79,G5
157.94,158.07,0.13,76,E5
158.1,158.35,0.25,67,G4
158.45,158.53,0.08,72,C5
158.53,158.72,0.19,74,D5
158.72,158.96,0.24,74,D5
159.01,159.19,0.18,69,A4
159.19,159.52,0.33,69,A4
159.52,160.02,0.5,69,A4
160.02,160.54,0.52,69,A4
160.54,160.81,0.27,69,A4
160.81,160.94,0.13,71,B4
160.98,161.15,0.17,83,B5
161.15,161.32,0.17,67,G4
161.32,161.44,0.12,67,G4
161.47,161.96,0.49,69,A4
161.96,162.13,0.17,69,A4
162.13,162.31,0.18,69,A4
162.4,162.47,0.07,78,F#5
162.64,162.71,0.07,74,D5
162.9,163.24,0.34,69,A4
163.28,163.4,0.12,67,G4
163.42,163.77,0.35,69,A4
163.77,163.91,0.14,69,A4
163.91,164.08,0.17,69,A4
164.08,164.27,0.19,69,A4
164.27,164.69,0.42,69,A4
164.69,164.84,0.15,71,B4
164.91,164.99,0.08,66,F#4
165.06,165.34,0.28,67,G4
165.37,165.55,0.18,69,A4
165.55,165.73,0.18,69,A4
165.73,166.84,1.11,69,A4
166.87,167.02,0.15,67,G4
167.02,167.15,0.13,67,G4
167.18,167.6,0.42,64,E4
167.6,167.66,0.06,83,B5
167.66,167.99,0.33,67,G4
168.01,168.09,0.08,64,E4
168.12,168.17,0.05,83,B5
168.17,168.29,0.12,71,B4
168.29,168.65,0.36,72,C5
168.65,168.82,0.17,71,B4
168.82,168.92,0.1,71,B4
168.98,169.22,0.24,62,D4
169.22,169.5,0.28,62,D4
169.5,169.64,0.14,78,F#5
169.65,170.03,0.38,66,F#4
170.13,170.24,0.11,74,D5
170.28,170.38,0.1,76,E5
170.4,170.62,0.22,74,D5
170.62,170.72,0.1,74,D5
170.72,170.85,0.13,74,D5
170.9,171.57,0.67,67,G4
171.59,171.95,0.36,71,B4
172.08,172.18,0.1,79,G5
172.18,172.34,0.16,81,A5
172.34,172.67,0.33,78,F#5
172.67,172.83,0.16,78,F#5
172.83,173.01,0.18,78,F#5
173.01,174.3,1.29,79,G5
174.3,174.37,0.07,71,B4
174.38,174.95,0.57,71,B4
175.31,175.57,0.26,71,B4
175.57,175.78,0.21,74,D5
177.31,177.4,0.09,71,B4
177.74,177.79,0.05,76,E5
177.79,177.9,0.11,58,A#3
179.09,179.26,0.17,66,F#4
179.26,179.36,0.1,71,B4
179.73,179.8,0.07,62,D4
179.8,179.87,0.07,66,F#4
179.87,179.94,0.07,64,E4
181.16,181.31,0.15,66,F#4
182.06,182.14,0.08,73,C#5
184.0,184.07,0.07,64,E4
185.51,185.64,0.13,43,G2
186.74,186.86,0.12,50,D3
188.11,188.2,0.09,66,F#4
188.2,188.41,0.21,62,D4
188.71,188.92,0.21,41,F2
